timestamp,open,high,low,close,volume,symbol
2025-03-22 21:00:00,627.63,628.8,625.2,625.85,4315.803,BNBUSDT
2025-03-22 22:00:00,625.86,627.89,625.85,627.35,2722.151,BNBUSDT
2025-03-22 23:00:00,627.35,627.58,624.8,627.01,3754.981,BNBUSDT
2025-03-23 00:00:00,627.01,628.4,625.08,627.85,5855.819,BNBUSDT
2025-03-23 01:00:00,627.84,629.14,623.96,624.41,6994.225,BNBUSDT
2025-03-23 02:00:00,624.4,625.17,623.0,624.14,11031.335,BNBUSDT
2025-03-23 03:00:00,624.14,624.81,622.96,624.06,4435.016,BNBUSDT
2025-03-23 04:00:00,624.06,624.36,621.99,622.82,7383.012,BNBUSDT
2025-03-23 05:00:00,622.82,624.32,622.31,624.27,5621.305,BNBUSDT
2025-03-23 06:00:00,624.27,624.33,622.65,622.93,6985.822,BNBUSDT
2025-03-23 07:00:00,622.93,624.21,622.75,622.88,4520.816,BNBUSDT
2025-03-23 08:00:00,622.87,624.12,622.21,622.22,6575.955,BNBUSDT
2025-03-23 09:00:00,622.21,623.0,621.25,621.49,5636.685,BNBUSDT
2025-03-23 10:00:00,621.5,621.89,620.01,620.92,10694.95,BNBUSDT
2025-03-23 11:00:00,620.92,624.63,620.84,621.7,8394.0,BNBUSDT
2025-03-23 12:00:00,621.7,623.46,620.71,623.32,6587.848,BNBUSDT
2025-03-23 13:00:00,623.32,624.73,622.54,624.17,6935.07,BNBUSDT
2025-03-23 14:00:00,624.18,624.36,622.04,622.67,7086.697,BNBUSDT
2025-03-23 15:00:00,622.67,623.7,621.31,621.35,7383.968,BNBUSDT
2025-03-23 16:00:00,621.35,622.74,619.5,621.43,9681.741,BNBUSDT
2025-03-23 17:00:00,621.44,623.2,621.01,623.07,4691.22,BNBUSDT
2025-03-23 18:00:00,623.07,624.09,621.99,623.4,6734.979,BNBUSDT
2025-03-23 19:00:00,623.39,623.8,622.65,623.11,6855.058,BNBUSDT
2025-03-23 20:00:00,623.1,623.77,622.06,623.76,3592.54,BNBUSDT
2025-03-23 21:00:00,623.77,623.8,622.57,623.51,3038.491,BNBUSDT
2025-03-23 22:00:00,623.5,624.3,620.51,621.92,4397.275,BNBUSDT
2025-03-23 23:00:00,621.92,623.8,621.35,623.79,4488.751,BNBUSDT
2025-03-24 00:00:00,623.8,627.3,622.47,622.73,17047.94,BNBUSDT
2025-03-24 01:00:00,622.74,622.89,619.06,619.29,15011.501,BNBUSDT
2025-03-24 02:00:00,619.28,621.6,618.0,621.11,9571.331,BNBUSDT
2025-03-24 03:00:00,621.11,626.73,621.01,623.28,12017.907,BNBUSDT
2025-03-24 04:00:00,623.29,625.27,623.22,624.66,8401.149,BNBUSDT
2025-03-24 05:00:00,624.67,625.63,622.98,625.12,8678.684,BNBUSDT
2025-03-24 06:00:00,625.13,626.07,623.06,623.08,10536.102,BNBUSDT
2025-03-24 07:00:00,623.09,623.98,620.75,623.06,8647.129,BNBUSDT
2025-03-24 08:00:00,623.05,626.53,622.01,626.13,12548.589,BNBUSDT
2025-03-24 09:00:00,626.13,628.0,626.13,627.94,11436.23,BNBUSDT
2025-03-24 10:00:00,627.95,630.0,627.93,629.23,10735.902,BNBUSDT
2025-03-24 11:00:00,629.23,632.16,628.84,630.75,13123.688,BNBUSDT
2025-03-24 12:00:00,630.75,631.75,626.51,626.88,13135.1,BNBUSDT
2025-03-24 13:00:00,626.88,627.89,624.6,626.37,15771.169,BNBUSDT
2025-03-24 14:00:00,626.36,630.43,626.12,627.08,20450.614,BNBUSDT
2025-03-24 15:00:00,627.07,632.35,626.53,631.04,19908.204,BNBUSDT
2025-03-24 16:00:00,631.05,639.0,629.9,635.78,42244.048,BNBUSDT
2025-03-24 17:00:00,635.79,639.5,635.3,638.06,15119.09,BNBUSDT
2025-03-24 18:00:00,638.06,638.65,635.18,636.81,9871.56,BNBUSDT
2025-03-24 19:00:00,636.81,637.13,635.5,636.26,5935.026,BNBUSDT
2025-03-24 20:00:00,636.25,638.5,635.76,636.64,5409.483,BNBUSDT
2025-03-24 21:00:00,636.64,637.0,634.63,635.3,6744.815,BNBUSDT
2025-03-24 22:00:00,635.31,635.66,632.3,635.39,6552.936,BNBUSDT
2025-03-24 23:00:00,635.38,637.2,634.23,637.08,8677.794,BNBUSDT
2025-03-25 00:00:00,637.08,642.0,635.71,636.55,23469.548,BNBUSDT
2025-03-25 01:00:00,636.55,636.88,632.82,636.26,9235.26,BNBUSDT
2025-03-25 02:00:00,636.27,639.78,635.01,639.26,9515.225,BNBUSDT
2025-03-25 03:00:00,639.27,641.63,637.28,640.09,17147.64,BNBUSDT
2025-03-25 04:00:00,640.09,640.3,638.4,639.97,11435.873,BNBUSDT
2025-03-25 05:00:00,639.97,643.68,639.38,642.63,13469.816,BNBUSDT
2025-03-25 06:00:00,642.63,644.88,642.4,643.04,15391.743,BNBUSDT
2025-03-25 07:00:00,643.03,644.08,639.3,641.51,20805.34,BNBUSDT
2025-03-25 08:00:00,641.51,641.59,639.31,640.15,28457.782,BNBUSDT
2025-03-25 09:00:00,640.15,643.6,640.09,640.14,54462.737,BNBUSDT
2025-03-25 10:00:00,640.14,640.65,635.62,637.06,81756.888,BNBUSDT
2025-03-25 11:00:00,637.05,639.53,632.95,634.41,104699.556,BNBUSDT
2025-03-25 12:00:00,634.42,634.7,630.8,630.93,31683.3,BNBUSDT
2025-03-25 13:00:00,630.92,635.36,630.7,632.63,30926.582,BNBUSDT
2025-03-25 14:00:00,632.63,635.57,631.95,634.15,21427.979,BNBUSDT
2025-03-25 15:00:00,634.15,635.03,633.28,633.9,16863.435,BNBUSDT
2025-03-25 16:00:00,633.89,633.95,630.01,632.21,17451.215,BNBUSDT
2025-03-25 17:00:00,632.21,633.56,631.32,631.7,7426.545,BNBUSDT
2025-03-25 18:00:00,631.7,631.99,630.15,630.42,6314.932,BNBUSDT
2025-03-25 19:00:00,630.42,631.59,630.42,631.25,6428.824,BNBUSDT
2025-03-25 20:00:00,631.26,632.46,630.79,631.63,5855.52,BNBUSDT
2025-03-25 21:00:00,631.63,632.16,630.0,630.36,6572.826,BNBUSDT
2025-03-25 22:00:00,630.37,630.51,627.05,629.2,8665.376,BNBUSDT
2025-03-25 23:00:00,629.2,630.05,627.71,629.82,5107.615,BNBUSDT
2025-03-26 00:00:00,629.82,630.6,629.23,630.39,6767.311,BNBUSDT
2025-03-26 01:00:00,630.39,631.76,630.2,631.73,5048.331,BNBUSDT
2025-03-26 02:00:00,631.73,631.94,627.48,627.57,8645.739,BNBUSDT
2025-03-26 03:00:00,627.61,629.85,627.5,628.13,11101.583,BNBUSDT
2025-03-26 04:00:00,628.13,630.74,627.94,629.47,6196.705,BNBUSDT
2025-03-26 05:00:00,629.48,631.54,629.47,630.75,5157.207,BNBUSDT
2025-03-26 06:00:00,630.76,632.41,630.75,632.14,5757.594,BNBUSDT
2025-03-26 07:00:00,632.13,634.01,631.81,633.46,8368.205,BNBUSDT
2025-03-26 08:00:00,633.46,633.81,632.16,632.28,7061.227,BNBUSDT
2025-03-26 09:00:00,632.27,632.34,630.0,630.23,6735.753,BNBUSDT
2025-03-26 10:00:00,630.24,632.19,630.23,631.71,9055.121,BNBUSDT
2025-03-26 11:00:00,631.71,632.54,631.21,631.39,5448.602,BNBUSDT
2025-03-26 12:00:00,631.39,631.39,629.21,629.93,11988.139,BNBUSDT
2025-03-26 13:00:00,629.93,629.94,625.06,625.5,18224.426,BNBUSDT
2025-03-26 14:00:00,625.5,627.05,622.99,625.21,22000.45,BNBUSDT
2025-03-26 15:00:00,625.2,626.9,622.9,624.65,15057.334,BNBUSDT
2025-03-26 16:00:00,624.65,625.01,622.0,622.44,9683.747,BNBUSDT
2025-03-26 17:00:00,622.43,623.02,620.01,620.41,9756.54,BNBUSDT
2025-03-26 18:00:00,620.41,621.0,617.28,617.76,10432.638,BNBUSDT
2025-03-26 19:00:00,617.77,619.83,615.3,618.48,10462.759,BNBUSDT
2025-03-26 20:00:00,618.48,619.85,617.73,619.56,7998.285,BNBUSDT
2025-03-26 21:00:00,619.56,620.94,617.12,620.08,5661.684,BNBUSDT
2025-03-26 22:00:00,620.07,620.07,615.86,617.69,6975.446,BNBUSDT
2025-03-26 23:00:00,617.7,618.1,615.78,617.99,8509.009,BNBUSDT
2025-03-27 00:00:00,618.0,621.68,617.2,621.55,6425.334,BNBUSDT
2025-03-27 01:00:00,621.55,624.28,621.43,624.0,6159.755,BNBUSDT
2025-03-27 02:00:00,624.0,626.5,623.8,626.06,7159.11,BNBUSDT
2025-03-27 03:00:00,626.05,627.01,624.76,626.66,4772.511,BNBUSDT
2025-03-27 04:00:00,626.65,627.79,625.11,627.6,3776.21,BNBUSDT
2025-03-27 05:00:00,627.59,628.5,625.98,626.46,4934.531,BNBUSDT
2025-03-27 06:00:00,626.47,635.2,626.46,634.27,18758.038,BNBUSDT
2025-03-27 07:00:00,634.27,636.94,632.8,635.3,21544.333,BNBUSDT
2025-03-27 08:00:00,635.3,640.86,634.83,640.8,38865.128,BNBUSDT
2025-03-27 09:00:00,640.81,642.5,635.52,636.51,127515.683,BNBUSDT
2025-03-27 10:00:00,636.51,638.16,633.57,634.71,88589.966,BNBUSDT
2025-03-27 11:00:00,634.71,637.0,632.36,632.72,49117.279,BNBUSDT
2025-03-27 12:00:00,632.71,633.39,625.79,628.26,118059.513,BNBUSDT
2025-03-27 13:00:00,628.25,634.47,626.2,633.56,70025.17,BNBUSDT
2025-03-27 14:00:00,633.55,637.69,631.61,637.3,33568.768,BNBUSDT
2025-03-27 15:00:00,637.3,639.9,635.93,637.02,25738.09,BNBUSDT
2025-03-27 16:00:00,637.02,639.0,635.29,635.42,13586.263,BNBUSDT
2025-03-27 17:00:00,635.43,638.6,635.36,637.72,17829.094,BNBUSDT
2025-03-27 18:00:00,637.73,640.33,637.5,639.47,30649.767,BNBUSDT
2025-03-27 19:00:00,639.47,641.51,638.4,639.87,19080.051,BNBUSDT
2025-03-27 20:00:00,639.88,640.79,638.05,640.13,6806.953,BNBUSDT
2025-03-27 21:00:00,640.12,640.69,638.18,639.41,11361.882,BNBUSDT
2025-03-27 22:00:00,639.41,639.98,637.39,638.52,8963.765,BNBUSDT
2025-03-27 23:00:00,638.51,638.52,636.62,637.36,10114.653,BNBUSDT
2025-03-28 00:00:00,637.36,637.51,633.85,636.87,20402.714,BNBUSDT
2025-03-28 01:00:00,636.88,637.36,634.48,636.41,9898.167,BNBUSDT
2025-03-28 02:00:00,636.41,636.6,633.0,633.19,12164.858,BNBUSDT
2025-03-28 03:00:00,633.2,633.9,632.22,633.5,6977.891,BNBUSDT
2025-03-28 04:00:00,633.5,635.11,628.9,631.01,25733.496,BNBUSDT
2025-03-28 05:00:00,631.0,632.51,627.99,629.41,27509.355,BNBUSDT
2025-03-28 06:00:00,629.4,633.94,628.71,631.51,19008.299,BNBUSDT
2025-03-28 07:00:00,631.51,633.3,627.76,628.54,18531.496,BNBUSDT
2025-03-28 08:00:00,628.54,630.84,626.78,627.16,10085.965,BNBUSDT
2025-03-28 09:00:00,627.15,630.13,626.71,628.98,11512.28,BNBUSDT
2025-03-28 10:00:00,628.97,631.87,628.44,628.8,9916.259,BNBUSDT
2025-03-28 11:00:00,628.8,634.0,626.7,633.68,16376.575,BNBUSDT
2025-03-28 12:00:00,633.67,633.85,627.5,628.69,14789.321,BNBUSDT
2025-03-28 13:00:00,628.68,630.18,626.32,626.66,10779.775,BNBUSDT
2025-03-28 14:00:00,626.65,627.78,623.72,625.62,18142.045,BNBUSDT
2025-03-28 15:00:00,625.61,628.23,625.0,625.42,13464.335,BNBUSDT
2025-03-28 16:00:00,625.42,626.49,621.35,622.03,17641.958,BNBUSDT
2025-03-28 17:00:00,622.04,625.3,620.78,625.26,8401.623,BNBUSDT
2025-03-28 18:00:00,625.26,626.84,621.69,621.86,7546.483,BNBUSDT
2025-03-28 19:00:00,621.86,622.33,619.0,619.08,9706.82,BNBUSDT
2025-03-28 20:00:00,619.08,620.61,616.71,616.98,10263.044,BNBUSDT
2025-03-28 21:00:00,616.97,618.29,616.0,616.7,6757.744,BNBUSDT
2025-03-28 22:00:00,616.71,619.93,616.46,619.91,7593.412,BNBUSDT
2025-03-28 23:00:00,619.91,620.19,618.13,619.81,4613.245,BNBUSDT
2025-03-29 00:00:00,619.81,623.84,618.93,621.87,10876.21,BNBUSDT
2025-03-29 01:00:00,621.87,622.5,617.5,618.8,11692.595,BNBUSDT
2025-03-29 02:00:00,618.8,619.83,612.1,612.44,12656.666,BNBUSDT
2025-03-29 03:00:00,612.45,614.7,608.94,613.02,13394.762,BNBUSDT
2025-03-29 04:00:00,613.02,614.23,610.63,611.1,9608.816,BNBUSDT
2025-03-29 05:00:00,611.09,611.09,606.55,606.93,9539.789,BNBUSDT
2025-03-29 06:00:00,606.94,607.38,603.0,607.38,14955.443,BNBUSDT
2025-03-29 07:00:00,607.38,609.88,604.75,607.8,8463.88,BNBUSDT
2025-03-29 08:00:00,607.79,610.84,606.98,609.44,8684.135,BNBUSDT
2025-03-29 09:00:00,609.44,609.6,603.88,607.29,11377.111,BNBUSDT
2025-03-29 10:00:00,607.3,608.26,603.7,604.5,8209.324,BNBUSDT
2025-03-29 11:00:00,604.49,606.37,599.23,601.08,20905.487,BNBUSDT
2025-03-29 12:00:00,601.09,605.63,599.78,603.03,12487.867,BNBUSDT
2025-03-29 13:00:00,603.03,607.99,602.9,607.99,8446.062,BNBUSDT
2025-03-29 14:00:00,607.99,608.5,605.28,606.55,7637.96,BNBUSDT
2025-03-29 15:00:00,606.56,608.45,604.54,604.73,6228.584,BNBUSDT
2025-03-29 16:00:00,604.72,607.3,601.31,602.09,11016.956,BNBUSDT
2025-03-29 17:00:00,602.09,605.85,596.97,600.84,23670.953,BNBUSDT
2025-03-29 18:00:00,600.84,603.6,599.09,603.37,18067.326,BNBUSDT
2025-03-29 19:00:00,603.38,605.92,602.2,605.8,8321.102,BNBUSDT
2025-03-29 20:00:00,605.79,606.0,601.12,601.53,5593.54,BNBUSDT
2025-03-29 21:00:00,601.53,603.76,600.91,602.36,4595.421,BNBUSDT
2025-03-29 22:00:00,602.36,603.92,601.03,601.42,3450.402,BNBUSDT
2025-03-29 23:00:00,601.42,603.9,601.01,602.99,4541.87,BNBUSDT
2025-03-30 00:00:00,603.0,604.86,600.48,603.69,8201.824,BNBUSDT
2025-03-30 01:00:00,603.69,607.52,603.65,606.29,9931.684,BNBUSDT
2025-03-30 02:00:00,606.28,612.2,606.08,611.59,9929.919,BNBUSDT
2025-03-30 03:00:00,611.59,613.37,608.7,609.0,7815.375,BNBUSDT
2025-03-30 04:00:00,608.99,612.45,608.94,611.13,6993.703,BNBUSDT
2025-03-30 05:00:00,611.12,612.38,609.54,610.07,6545.696,BNBUSDT
2025-03-30 06:00:00,610.06,610.29,607.21,607.79,6638.036,BNBUSDT
2025-03-30 07:00:00,607.8,609.7,606.41,606.63,5254.669,BNBUSDT
2025-03-30 08:00:00,606.62,608.7,605.41,608.47,6107.669,BNBUSDT
2025-03-30 09:00:00,608.47,610.38,607.35,607.99,7505.846,BNBUSDT
2025-03-30 10:00:00,607.98,608.79,604.0,606.37,6264.171,BNBUSDT
2025-03-30 11:00:00,606.37,607.9,604.2,605.03,8021.403,BNBUSDT
2025-03-30 12:00:00,605.02,606.2,602.78,604.94,5799.38,BNBUSDT
2025-03-30 13:00:00,604.94,605.79,601.11,601.52,15234.536,BNBUSDT
2025-03-30 14:00:00,601.51,605.17,601.08,604.54,10570.355,BNBUSDT
2025-03-30 15:00:00,604.55,606.96,601.94,602.16,8513.345,BNBUSDT
2025-03-30 16:00:00,602.15,603.2,598.95,600.2,10294.517,BNBUSDT
2025-03-30 17:00:00,600.2,601.81,598.06,600.98,7656.753,BNBUSDT
2025-03-30 18:00:00,600.97,605.0,600.3,604.99,8243.762,BNBUSDT
2025-03-30 19:00:00,605.0,606.1,603.59,603.93,4378.719,BNBUSDT
2025-03-30 20:00:00,603.94,604.2,601.2,601.7,6796.035,BNBUSDT
2025-03-30 21:00:00,601.7,602.95,598.33,599.44,5264.941,BNBUSDT
2025-03-30 22:00:00,599.43,602.65,593.58,601.56,15416.204,BNBUSDT
2025-03-30 23:00:00,601.56,602.25,598.26,602.2,8270.863,BNBUSDT
2025-03-31 00:00:00,602.2,602.53,595.43,596.86,12702.586,BNBUSDT
2025-03-31 01:00:00,596.86,604.76,596.59,604.36,15663.514,BNBUSDT
2025-03-31 02:00:00,604.36,606.73,602.3,603.81,10764.995,BNBUSDT
2025-03-31 03:00:00,603.85,604.99,598.98,599.35,12921.352,BNBUSDT
2025-03-31 04:00:00,599.34,602.98,599.1,601.61,8532.265,BNBUSDT
2025-03-31 05:00:00,601.6,604.67,601.38,602.34,6105.054,BNBUSDT
2025-03-31 06:00:00,602.34,603.2,599.0,599.39,6990.867,BNBUSDT
2025-03-31 07:00:00,599.4,601.18,594.24,595.99,9052.37,BNBUSDT
2025-03-31 08:00:00,595.98,597.91,591.76,592.06,11874.58,BNBUSDT
2025-03-31 09:00:00,592.07,593.54,587.26,589.21,17995.299,BNBUSDT
2025-03-31 10:00:00,589.2,596.2,587.74,595.11,11603.462,BNBUSDT
2025-03-31 11:00:00,595.11,596.71,592.4,595.77,8386.256,BNBUSDT
2025-03-31 12:00:00,595.78,602.37,594.11,600.26,10793.052,BNBUSDT
2025-03-31 13:00:00,600.26,603.23,593.94,598.31,23335.345,BNBUSDT
2025-03-31 14:00:00,598.31,606.7,598.3,605.24,30693.899,BNBUSDT
2025-03-31 15:00:00,605.25,606.43,602.3,604.23,11076.864,BNBUSDT
2025-03-31 16:00:00,604.23,606.25,602.68,604.23,8116.43,BNBUSDT
2025-03-31 17:00:00,604.22,608.89,603.14,605.34,11756.679,BNBUSDT
2025-03-31 18:00:00,605.34,608.02,605.3,607.3,5337.746,BNBUSDT
2025-03-31 19:00:00,607.3,607.83,604.38,605.25,6229.82,BNBUSDT
2025-03-31 20:00:00,605.26,607.3,604.69,605.1,3306.708,BNBUSDT
2025-03-31 21:00:00,605.1,606.84,605.1,606.04,2849.533,BNBUSDT
2025-03-31 22:00:00,606.05,606.05,603.24,604.86,3435.61,BNBUSDT
2025-03-31 23:00:00,604.86,606.67,604.32,604.81,5239.983,BNBUSDT
2025-04-01 00:00:00,604.81,607.5,604.46,607.1,4813.093,BNBUSDT
2025-04-01 01:00:00,607.09,607.1,604.82,605.69,3784.169,BNBUSDT
2025-04-01 02:00:00,605.68,608.32,605.6,608.28,5727.589,BNBUSDT
2025-04-01 03:00:00,608.28,609.86,608.03,609.03,6602.775,BNBUSDT
2025-04-01 04:00:00,609.02,609.48,608.11,609.34,6346.869,BNBUSDT
2025-04-01 05:00:00,609.34,610.63,607.5,607.5,7097.706,BNBUSDT
2025-04-01 06:00:00,607.5,611.38,606.8,610.78,6992.684,BNBUSDT
2025-04-01 07:00:00,610.77,611.37,608.49,610.39,7745.912,BNBUSDT
2025-04-01 08:00:00,610.39,617.5,610.33,615.87,27875.662,BNBUSDT
2025-04-01 09:00:00,615.86,618.54,614.32,616.6,18631.753,BNBUSDT
2025-04-01 10:00:00,616.61,616.89,608.98,609.42,22789.685,BNBUSDT
2025-04-01 11:00:00,609.42,609.64,606.4,607.5,16232.117,BNBUSDT
2025-04-01 12:00:00,607.51,615.79,607.46,612.97,25090.163,BNBUSDT
2025-04-01 13:00:00,612.96,615.61,612.16,614.26,15267.995,BNBUSDT
2025-04-01 14:00:00,614.26,617.0,611.59,615.32,83473.941,BNBUSDT
2025-04-01 15:00:00,615.32,617.33,614.87,615.26,83513.783,BNBUSDT
2025-04-01 16:00:00,615.25,615.89,610.44,610.64,77934.062,BNBUSDT
2025-04-01 17:00:00,610.65,611.34,606.87,609.55,94013.723,BNBUSDT
2025-04-01 18:00:00,609.54,609.87,607.55,608.23,12633.337,BNBUSDT
2025-04-01 19:00:00,608.22,609.09,606.71,608.66,6369.242,BNBUSDT
2025-04-01 20:00:00,608.66,609.74,607.7,609.73,5707.231,BNBUSDT
2025-04-01 21:00:00,609.74,610.96,608.57,609.03,3875.156,BNBUSDT
2025-04-01 22:00:00,609.03,614.99,608.83,610.29,15327.331,BNBUSDT
2025-04-01 23:00:00,610.28,612.31,608.66,611.13,7757.091,BNBUSDT
2025-04-02 00:00:00,611.12,611.66,607.35,607.9,5348.659,BNBUSDT
2025-04-02 01:00:00,607.91,609.12,606.25,606.99,10099.296,BNBUSDT
2025-04-02 02:00:00,606.99,607.32,600.49,601.06,19264.333,BNBUSDT
2025-04-02 03:00:00,601.07,604.49,600.04,601.39,14712.106,BNBUSDT
2025-04-02 04:00:00,601.39,602.26,600.01,600.61,6292.162,BNBUSDT
2025-04-02 05:00:00,600.6,600.61,596.8,597.31,15787.773,BNBUSDT
2025-04-02 06:00:00,597.31,601.0,597.11,598.63,7682.794,BNBUSDT
2025-04-02 07:00:00,598.62,601.49,598.26,601.04,14664.756,BNBUSDT
2025-04-02 08:00:00,601.05,606.58,600.77,603.3,11451.536,BNBUSDT
2025-04-02 09:00:00,603.31,606.5,601.52,602.58,11586.087,BNBUSDT
2025-04-02 10:00:00,602.58,603.3,600.5,600.73,8065.725,BNBUSDT
2025-04-02 11:00:00,600.72,602.5,599.5,599.87,5446.002,BNBUSDT
2025-04-02 12:00:00,599.87,601.86,598.51,601.79,9427.272,BNBUSDT
2025-04-02 13:00:00,601.79,605.91,599.3,603.08,14387.182,BNBUSDT
2025-04-02 14:00:00,603.08,605.15,602.2,604.21,8895.136,BNBUSDT
2025-04-02 15:00:00,604.22,609.99,598.62,604.62,93999.627,BNBUSDT
2025-04-02 16:00:00,604.62,607.87,603.52,606.51,24149.844,BNBUSDT
2025-04-02 17:00:00,606.51,607.8,601.82,603.65,19564.467,BNBUSDT
2025-04-02 18:00:00,603.65,605.46,602.23,603.89,5920.656,BNBUSDT
2025-04-02 19:00:00,603.9,606.14,603.31,605.71,4813.186,BNBUSDT
2025-04-02 20:00:00,605.72,614.0,599.0,602.77,38374.56,BNBUSDT
2025-04-02 21:00:00,602.78,603.1,597.1,600.56,8447.952,BNBUSDT
2025-04-02 22:00:00,600.56,600.56,584.85,587.09,25973.92,BNBUSDT
2025-04-02 23:00:00,587.09,591.6,585.13,590.68,15152.926,BNBUSDT
2025-04-03 00:00:00,590.67,597.18,588.2,596.95,15069.263,BNBUSDT
2025-04-03 01:00:00,596.96,602.83,596.4,601.73,14807.44,BNBUSDT
2025-04-03 02:00:00,601.73,610.58,599.16,603.32,36218.618,BNBUSDT
2025-04-03 03:00:00,603.31,603.73,597.02,601.33,24064.918,BNBUSDT
2025-04-03 04:00:00,601.34,604.7,600.82,603.19,5093.253,BNBUSDT
2025-04-03 05:00:00,603.19,609.3,602.78,608.19,36497.942,BNBUSDT
2025-04-03 06:00:00,608.2,609.34,603.6,604.03,28564.377,BNBUSDT
2025-04-03 07:00:00,604.04,605.95,598.71,600.01,57987.345,BNBUSDT
2025-04-03 08:00:00,600.0,602.2,595.43,598.03,95410.998,BNBUSDT
2025-04-03 09:00:00,598.03,600.85,597.2,598.85,30854.961,BNBUSDT
2025-04-03 10:00:00,598.84,599.1,594.0,594.31,16999.097,BNBUSDT
2025-04-03 11:00:00,594.3,595.8,592.61,593.19,11356.945,BNBUSDT
2025-04-03 12:00:00,593.2,594.38,584.84,585.15,25807.891,BNBUSDT
2025-04-03 13:00:00,585.14,591.37,584.5,587.84,27537.245,BNBUSDT
2025-04-03 14:00:00,587.85,587.91,578.46,579.88,25919.402,BNBUSDT
2025-04-03 15:00:00,579.87,586.96,579.35,586.25,10630.064,BNBUSDT
2025-04-03 16:00:00,586.25,589.89,585.88,587.0,10600.548,BNBUSDT
2025-04-03 17:00:00,587.01,589.94,587.0,588.06,5091.896,BNBUSDT
2025-04-03 18:00:00,588.06,590.0,585.79,588.79,4293.236,BNBUSDT
2025-04-03 19:00:00,588.8,590.0,586.5,588.4,6210.532,BNBUSDT
2025-04-03 20:00:00,588.41,590.72,587.73,590.0,3089.955,BNBUSDT
2025-04-03 21:00:00,589.99,593.01,588.5,592.4,6581.189,BNBUSDT
2025-04-03 22:00:00,592.41,592.96,590.61,592.69,3411.942,BNBUSDT
2025-04-03 23:00:00,592.69,593.28,589.79,592.67,5829.457,BNBUSDT
2025-04-04 00:00:00,592.68,594.51,591.57,591.89,7141.29,BNBUSDT
2025-04-04 01:00:00,591.89,593.58,589.0,589.62,5143.883,BNBUSDT
2025-04-04 02:00:00,589.62,593.9,589.62,592.69,4354.188,BNBUSDT
2025-04-04 03:00:00,592.69,594.23,591.63,593.18,4763.027,BNBUSDT
2025-04-04 04:00:00,593.18,593.72,591.29,591.71,3235.216,BNBUSDT
2025-04-04 05:00:00,591.71,595.9,591.7,595.85,5606.726,BNBUSDT
2025-04-04 06:00:00,595.86,597.44,594.72,594.72,4036.613,BNBUSDT
2025-04-04 07:00:00,594.73,599.06,594.72,598.3,6631.348,BNBUSDT
2025-04-04 08:00:00,598.31,599.85,598.0,598.33,5950.977,BNBUSDT
2025-04-04 09:00:00,598.33,599.19,596.87,598.31,11714.796,BNBUSDT
2025-04-04 10:00:00,598.32,599.8,589.26,589.64,15520.646,BNBUSDT
2025-04-04 11:00:00,589.65,591.21,585.0,588.86,14380.295,BNBUSDT
2025-04-04 12:00:00,588.85,590.8,585.64,590.79,14519.326,BNBUSDT
2025-04-04 13:00:00,590.8,594.09,587.9,593.05,10196.412,BNBUSDT
2025-04-04 14:00:00,593.04,593.94,588.86,591.82,9338.952,BNBUSDT
2025-04-04 15:00:00,591.81,597.6,591.67,593.67,16063.155,BNBUSDT
2025-04-04 16:00:00,593.67,595.45,592.0,594.56,7147.952,BNBUSDT
2025-04-04 17:00:00,594.55,599.48,592.4,599.09,9080.839,BNBUSDT
2025-04-04 18:00:00,599.09,599.3,596.25,597.29,4433.865,BNBUSDT
2025-04-04 19:00:00,597.29,598.8,596.58,597.18,3967.405,BNBUSDT
2025-04-04 20:00:00,597.19,598.2,596.2,597.92,3977.76,BNBUSDT
2025-04-04 21:00:00,597.92,600.0,597.8,598.67,3730.267,BNBUSDT
2025-04-04 22:00:00,598.68,599.59,597.7,598.04,2919.09,BNBUSDT
2025-04-04 23:00:00,598.04,598.33,596.97,597.71,3291.377,BNBUSDT
2025-04-05 00:00:00,597.71,597.84,594.89,597.53,4219.776,BNBUSDT
2025-04-05 01:00:00,597.53,599.0,597.3,597.7,3032.758,BNBUSDT
2025-04-05 02:00:00,597.71,598.04,596.3,597.45,4211.314,BNBUSDT
2025-04-05 03:00:00,597.44,597.88,596.04,596.12,3735.056,BNBUSDT
2025-04-05 04:00:00,596.12,597.23,595.5,595.75,3715.102,BNBUSDT
2025-04-05 05:00:00,595.74,596.71,594.63,595.1,3468.554,BNBUSDT
2025-04-05 06:00:00,595.09,595.59,593.01,594.0,5070.964,BNBUSDT
2025-04-05 07:00:00,594.0,595.65,593.87,595.65,3712.3,BNBUSDT
2025-04-05 08:00:00,595.64,596.65,595.43,596.32,2874.237,BNBUSDT
2025-04-05 09:00:00,596.31,598.08,596.23,597.83,3697.873,BNBUSDT
2025-04-05 10:00:00,597.84,598.52,597.26,597.67,2582.624,BNBUSDT
2025-04-05 11:00:00,597.67,597.9,596.3,596.92,2989.788,BNBUSDT
2025-04-05 12:00:00,596.92,597.3,594.71,596.07,4732.236,BNBUSDT
2025-04-05 13:00:00,596.08,596.3,592.36,593.35,6398.935,BNBUSDT
2025-04-05 14:00:00,593.35,594.64,593.25,593.92,4930.293,BNBUSDT
2025-04-05 15:00:00,593.91,593.92,590.79,591.82,4810.535,BNBUSDT
2025-04-05 16:00:00,591.81,593.66,591.6,592.9,3211.457,BNBUSDT
2025-04-05 17:00:00,592.9,593.59,591.86,593.0,1989.958,BNBUSDT
2025-04-05 18:00:00,593.0,593.46,592.17,593.09,2195.405,BNBUSDT
2025-04-05 19:00:00,593.09,593.3,590.8,590.98,2114.718,BNBUSDT
2025-04-05 20:00:00,590.99,592.1,588.71,591.22,4957.51,BNBUSDT
2025-04-05 21:00:00,591.22,592.5,590.4,591.12,2614.673,BNBUSDT
2025-04-05 22:00:00,591.12,592.33,591.0,592.33,1368.499,BNBUSDT
2025-04-05 23:00:00,592.32,594.53,592.12,593.13,3303.514,BNBUSDT
2025-04-06 00:00:00,593.13,593.78,592.3,592.74,3058.139,BNBUSDT
2025-04-06 01:00:00,592.75,593.16,591.41,591.75,2859.439,BNBUSDT
2025-04-06 02:00:00,591.75,592.14,591.09,591.09,3211.679,BNBUSDT
2025-04-06 03:00:00,591.09,592.05,590.16,591.87,5133.703,BNBUSDT
2025-04-06 04:00:00,591.87,591.99,590.16,591.02,2907.079,BNBUSDT
2025-04-06 05:00:00,591.02,593.42,590.98,593.11,3502.452,BNBUSDT
2025-04-06 06:00:00,593.11,593.47,591.5,591.54,6967.895,BNBUSDT
2025-04-06 07:00:00,591.55,592.19,590.3,590.31,18011.515,BNBUSDT
2025-04-06 08:00:00,590.31,590.7,587.59,589.63,6609.935,BNBUSDT
2025-04-06 09:00:00,589.64,590.16,588.59,588.81,3755.962,BNBUSDT
2025-04-06 10:00:00,588.8,589.3,588.0,588.71,2613.705,BNBUSDT
2025-04-06 11:00:00,588.71,589.4,587.1,589.11,7525.606,BNBUSDT
2025-04-06 12:00:00,589.11,589.16,585.5,585.7,8108.071,BNBUSDT
2025-04-06 13:00:00,585.7,586.1,579.82,580.16,14735.848,BNBUSDT
2025-04-06 14:00:00,580.16,583.91,579.19,583.36,8183.265,BNBUSDT
2025-04-06 15:00:00,583.36,583.6,580.02,581.24,5421.702,BNBUSDT
2025-04-06 16:00:00,581.24,581.24,574.25,574.78,22520.603,BNBUSDT
2025-04-06 17:00:00,574.77,574.91,563.61,564.02,48659.073,BNBUSDT
2025-04-06 18:00:00,564.02,564.2,552.02,555.82,48141.973,BNBUSDT
2025-04-06 19:00:00,555.83,558.95,552.8,558.81,22943.199,BNBUSDT
2025-04-06 20:00:00,558.8,560.22,551.02,551.87,20397.451,BNBUSDT
2025-04-06 21:00:00,551.88,557.25,551.36,553.9,13571.003,BNBUSDT
2025-04-06 22:00:00,553.9,558.27,550.02,552.01,20076.682,BNBUSDT
2025-04-06 23:00:00,552.0,556.82,544.17,555.54,33340.286,BNBUSDT
2025-04-07 00:00:00,555.55,558.16,553.0,556.9,26453.467,BNBUSDT
2025-04-07 01:00:00,556.91,565.64,556.91,564.01,19244.419,BNBUSDT
2025-04-07 02:00:00,564.0,564.52,558.38,559.55,10160.504,BNBUSDT
2025-04-07 03:00:00,559.54,560.43,546.49,550.18,22039.692,BNBUSDT
2025-04-07 04:00:00,550.17,553.74,546.45,548.91,18293.659,BNBUSDT
2025-04-07 05:00:00,548.91,551.3,542.55,543.97,25472.98,BNBUSDT
2025-04-07 06:00:00,543.97,547.99,520.0,522.27,100224.05,BNBUSDT
2025-04-07 07:00:00,522.29,535.85,522.29,530.1,57017.839,BNBUSDT
2025-04-07 08:00:00,530.08,544.83,529.14,540.66,120796.058,BNBUSDT
2025-04-07 09:00:00,540.65,544.29,536.58,538.82,16155.484,BNBUSDT
2025-04-07 10:00:00,538.83,548.6,538.6,541.86,23375.223,BNBUSDT
2025-04-07 11:00:00,541.86,545.12,538.64,540.0,13732.131,BNBUSDT
2025-04-07 12:00:00,540.01,549.99,539.66,548.05,23175.093,BNBUSDT
2025-04-07 13:00:00,548.04,556.79,540.04,555.21,51395.54,BNBUSDT
2025-04-07 14:00:00,555.22,567.6,550.71,555.87,93736.154,BNBUSDT
2025-04-07 15:00:00,555.88,559.05,549.09,552.01,35460.982,BNBUSDT
2025-04-07 16:00:00,552.0,552.98,546.45,546.94,13551.862,BNBUSDT
2025-04-07 17:00:00,546.93,557.05,546.92,556.1,12953.291,BNBUSDT
2025-04-07 18:00:00,556.1,557.19,552.18,552.65,7827.087,BNBUSDT
2025-04-07 19:00:00,552.66,556.6,551.04,553.79,11936.197,BNBUSDT
2025-04-07 20:00:00,553.8,559.88,553.77,558.4,3763.772,BNBUSDT
2025-04-07 21:00:00,558.4,559.2,555.8,557.65,5725.02,BNBUSDT
2025-04-07 22:00:00,557.66,559.38,556.81,558.34,10659.736,BNBUSDT
2025-04-07 23:00:00,558.35,558.53,554.24,554.6,4143.62,BNBUSDT
2025-04-08 00:00:00,554.6,557.09,553.9,553.93,5891.847,BNBUSDT
2025-04-08 01:00:00,553.94,563.47,553.16,562.66,12346.909,BNBUSDT
2025-04-08 02:00:00,562.67,565.27,559.38,559.92,11967.305,BNBUSDT
2025-04-08 03:00:00,559.91,562.49,559.91,561.69,6552.547,BNBUSDT
2025-04-08 04:00:00,561.68,566.0,561.51,564.87,10743.874,BNBUSDT
2025-04-08 05:00:00,564.88,565.53,561.4,563.71,5002.717,BNBUSDT
2025-04-08 06:00:00,563.7,563.7,557.78,558.0,8894.883,BNBUSDT
2025-04-08 07:00:00,558.01,560.98,556.4,560.25,7370.618,BNBUSDT
2025-04-08 08:00:00,560.24,560.24,555.43,557.63,6424.421,BNBUSDT
2025-04-08 09:00:00,557.62,559.49,556.63,557.87,6558.826,BNBUSDT
2025-04-08 10:00:00,557.87,558.76,557.18,557.3,3618.711,BNBUSDT
2025-04-08 11:00:00,557.3,564.17,556.91,563.82,7769.002,BNBUSDT
2025-04-08 12:00:00,563.82,564.89,561.47,563.47,8679.07,BNBUSDT
2025-04-08 13:00:00,563.46,565.87,560.51,563.34,11577.568,BNBUSDT
2025-04-08 14:00:00,563.33,565.5,557.64,557.77,11248.485,BNBUSDT
2025-04-08 15:00:00,557.77,561.39,556.5,559.79,8961.063,BNBUSDT
2025-04-08 16:00:00,559.79,561.84,551.05,551.93,13868.387,BNBUSDT
2025-04-08 17:00:00,551.93,555.62,547.64,555.61,19456.433,BNBUSDT
2025-04-08 18:00:00,555.61,559.8,554.64,555.63,11710.004,BNBUSDT
2025-04-08 19:00:00,555.63,556.4,551.0,552.89,8665.797,BNBUSDT
2025-04-08 20:00:00,552.89,557.6,551.72,557.49,4538.235,BNBUSDT
2025-04-08 21:00:00,557.5,558.29,555.66,558.2,4338.319,BNBUSDT
2025-04-08 22:00:00,558.2,558.4,553.03,556.11,9258.364,BNBUSDT
2025-04-08 23:00:00,556.1,556.5,551.72,553.72,6748.475,BNBUSDT
2025-04-09 00:00:00,553.72,554.76,549.78,551.84,10855.136,BNBUSDT
2025-04-09 01:00:00,551.83,552.68,534.3,547.68,47936.155,BNBUSDT
2025-04-09 02:00:00,547.68,549.24,543.22,543.8,12058.578,BNBUSDT
2025-04-09 03:00:00,543.8,546.86,542.69,542.69,9490.378,BNBUSDT
2025-04-09 04:00:00,542.69,549.6,541.61,548.0,14549.955,BNBUSDT
2025-04-09 05:00:00,548.01,549.61,547.25,549.61,8416.654,BNBUSDT
2025-04-09 06:00:00,549.61,552.99,549.6,551.41,8921.462,BNBUSDT
2025-04-09 07:00:00,551.42,557.8,551.33,556.62,14062.14,BNBUSDT
2025-04-09 08:00:00,556.61,557.29,554.05,557.09,14941.754,BNBUSDT
2025-04-09 09:00:00,557.08,559.35,555.95,559.19,7146.919,BNBUSDT
2025-04-09 10:00:00,559.2,559.48,556.2,558.08,5430.712,BNBUSDT
2025-04-09 11:00:00,558.09,558.11,548.97,550.34,18519.856,BNBUSDT
2025-04-09 12:00:00,550.34,556.2,548.9,554.7,7432.524,BNBUSDT
2025-04-09 13:00:00,554.7,562.92,554.4,561.23,14472.563,BNBUSDT
2025-04-09 14:00:00,561.23,563.6,559.1,559.43,13233.06,BNBUSDT
2025-04-09 15:00:00,559.43,563.62,559.43,561.25,6107.819,BNBUSDT
2025-04-09 16:00:00,561.25,566.99,560.85,566.96,10059.774,BNBUSDT
2025-04-09 17:00:00,566.96,583.58,563.83,583.15,66217.137,BNBUSDT
2025-04-09 18:00:00,583.14,585.97,579.77,580.28,44919.018,BNBUSDT
2025-04-09 19:00:00,580.28,582.36,578.66,579.75,10418.032,BNBUSDT
2025-04-09 20:00:00,579.76,583.06,579.16,582.58,8138.685,BNBUSDT
2025-04-09 21:00:00,582.58,584.83,580.57,583.89,12177.846,BNBUSDT
2025-04-09 22:00:00,583.89,584.62,581.9,582.59,6889.7,BNBUSDT
2025-04-09 23:00:00,582.59,583.38,581.4,582.32,5974.27,BNBUSDT
2025-04-10 00:00:00,582.32,582.51,576.97,579.25,9242.775,BNBUSDT
2025-04-10 01:00:00,579.25,579.92,576.36,579.06,12059.264,BNBUSDT
2025-04-10 02:00:00,579.05,579.99,577.68,578.41,7924.288,BNBUSDT
2025-04-10 03:00:00,578.41,578.49,572.08,575.27,9694.026,BNBUSDT
2025-04-10 04:00:00,575.26,577.38,574.45,577.37,4158.057,BNBUSDT
2025-04-10 05:00:00,577.37,579.71,576.63,578.7,7069.461,BNBUSDT
2025-04-10 06:00:00,578.7,580.27,578.58,579.39,7163.086,BNBUSDT
2025-04-10 07:00:00,579.39,580.09,575.89,579.47,7636.925,BNBUSDT
2025-04-10 08:00:00,579.47,583.58,576.67,578.19,27604.692,BNBUSDT
2025-04-10 09:00:00,578.19,578.92,577.12,578.8,19133.607,BNBUSDT
2025-04-10 10:00:00,578.81,581.68,577.13,578.24,44950.346,BNBUSDT
2025-04-10 11:00:00,578.23,578.7,574.57,575.69,42344.157,BNBUSDT
2025-04-10 12:00:00,575.69,580.8,573.0,577.18,71937.1,BNBUSDT
2025-04-10 13:00:00,577.18,579.0,573.8,574.95,17530.182,BNBUSDT
2025-04-10 14:00:00,574.95,579.1,573.43,577.58,12923.135,BNBUSDT
2025-04-10 15:00:00,577.57,578.3,566.8,568.06,18785.964,BNBUSDT
2025-04-10 16:00:00,568.05,573.0,566.17,572.46,13266.314,BNBUSDT
2025-04-10 17:00:00,572.46,573.92,569.56,572.47,6232.452,BNBUSDT
2025-04-10 18:00:00,572.48,576.12,572.25,575.9,5851.286,BNBUSDT
2025-04-10 19:00:00,575.89,576.76,573.59,574.94,5614.746,BNBUSDT
2025-04-10 20:00:00,574.94,576.47,574.1,575.89,3837.608,BNBUSDT
2025-04-10 21:00:00,575.89,576.79,574.54,575.18,3855.839,BNBUSDT
2025-04-10 22:00:00,575.18,578.16,574.41,577.8,4376.15,BNBUSDT
2025-04-10 23:00:00,577.81,578.56,575.9,578.03,6028.403,BNBUSDT
2025-04-11 00:00:00,578.03,579.73,575.7,576.1,9064.545,BNBUSDT
2025-04-11 01:00:00,576.11,580.08,576.11,579.32,11064.022,BNBUSDT
2025-04-11 02:00:00,579.32,580.65,577.8,578.77,7830.294,BNBUSDT
2025-04-11 03:00:00,578.78,580.45,578.02,580.19,6764.15,BNBUSDT
2025-04-11 04:00:00,580.19,580.45,579.21,579.83,4613.67,BNBUSDT
2025-04-11 05:00:00,579.82,580.28,578.39,579.89,3742.398,BNBUSDT
2025-04-11 06:00:00,579.9,581.08,579.33,580.99,9898.957,BNBUSDT
2025-04-11 07:00:00,581.0,582.36,580.16,581.46,6476.042,BNBUSDT
2025-04-11 08:00:00,581.46,583.73,579.33,580.03,10436.316,BNBUSDT
2025-04-11 09:00:00,580.03,582.99,579.43,582.99,5610.776,BNBUSDT
2025-04-11 10:00:00,582.99,584.98,581.79,584.67,7721.877,BNBUSDT
2025-04-11 11:00:00,584.66,585.12,582.45,583.12,7487.81,BNBUSDT
2025-04-11 12:00:00,583.13,584.26,581.8,582.17,6361.993,BNBUSDT
2025-04-11 13:00:00,582.16,585.93,581.0,585.17,9582.614,BNBUSDT
2025-04-11 14:00:00,585.16,585.54,580.29,584.02,14826.507,BNBUSDT
2025-04-11 15:00:00,584.02,585.8,583.51,585.28,7662.445,BNBUSDT
2025-04-11 16:00:00,585.28,586.87,583.83,586.78,8027.225,BNBUSDT
2025-04-11 17:00:00,586.79,590.0,586.42,589.3,7653.813,BNBUSDT
2025-04-11 18:00:00,589.3,590.36,588.18,588.47,7243.904,BNBUSDT
2025-04-11 19:00:00,588.47,589.7,587.38,588.16,5785.838,BNBUSDT
2025-04-11 20:00:00,588.15,589.08,587.4,588.96,3760.3,BNBUSDT
2025-04-11 21:00:00,588.95,589.7,587.37,588.07,3199.456,BNBUSDT
2025-04-11 22:00:00,588.07,589.48,587.61,588.55,4102.231,BNBUSDT
2025-04-11 23:00:00,588.55,588.73,585.76,585.93,5783.537,BNBUSDT
2025-04-12 00:00:00,585.93,586.58,584.61,585.31,5652.297,BNBUSDT
2025-04-12 01:00:00,585.32,590.59,585.0,585.34,11652.716,BNBUSDT
2025-04-12 02:00:00,585.34,586.23,584.8,584.8,4191.044,BNBUSDT
2025-04-12 03:00:00,584.8,585.57,584.53,585.05,3056.981,BNBUSDT
2025-04-12 04:00:00,585.04,587.08,584.0,586.42,4945.75,BNBUSDT
2025-04-12 05:00:00,586.43,588.06,586.39,587.09,3949.886,BNBUSDT
2025-04-12 06:00:00,587.09,588.0,586.72,587.12,4943.299,BNBUSDT
2025-04-12 07:00:00,587.13,589.27,586.9,588.89,6118.634,BNBUSDT
2025-04-12 08:00:00,588.88,590.64,588.7,590.2,8981.082,BNBUSDT
2025-04-12 09:00:00,590.2,591.58,589.79,590.91,5374.886,BNBUSDT
2025-04-12 10:00:00,590.9,590.9,589.3,590.4,5179.227,BNBUSDT
2025-04-12 11:00:00,590.4,591.5,589.34,590.25,7014.469,BNBUSDT
2025-04-12 12:00:00,590.25,592.5,589.5,592.25,5875.265,BNBUSDT
2025-04-12 13:00:00,592.24,595.9,592.03,595.32,12598.361,BNBUSDT
2025-04-12 14:00:00,595.32,599.99,594.8,599.25,17798.015,BNBUSDT
2025-04-12 15:00:00,599.26,600.48,597.7,599.22,13647.692,BNBUSDT
2025-04-12 16:00:00,599.23,600.03,595.23,596.34,7868.256,BNBUSDT
2025-04-12 17:00:00,596.34,597.09,594.75,595.0,3793.708,BNBUSDT
2025-04-12 18:00:00,595.01,597.5,594.99,596.68,3331.654,BNBUSDT
2025-04-12 19:00:00,596.68,597.7,595.72,596.26,2239.646,BNBUSDT
2025-04-12 20:00:00,596.25,599.82,596.25,598.75,4463.87,BNBUSDT
2025-04-12 21:00:00,598.76,599.08,597.83,598.27,3328.47,BNBUSDT
2025-04-12 22:00:00,598.27,599.2,597.15,597.22,3164.34,BNBUSDT
2025-04-12 23:00:00,597.22,597.58,596.27,597.29,2099.16,BNBUSDT
2025-04-13 00:00:00,597.3,597.36,595.11,596.91,3438.384,BNBUSDT
2025-04-13 01:00:00,596.91,598.67,593.7,594.46,4635.406,BNBUSDT
2025-04-13 02:00:00,594.46,595.33,593.13,595.01,3396.771,BNBUSDT
2025-04-13 03:00:00,595.0,596.34,594.32,595.9,4241.839,BNBUSDT
2025-04-13 04:00:00,595.9,595.93,591.51,592.3,7911.819,BNBUSDT
2025-04-13 05:00:00,592.29,593.5,590.9,592.82,4218.653,BNBUSDT
2025-04-13 06:00:00,592.82,594.1,592.75,592.8,3418.409,BNBUSDT
2025-04-13 07:00:00,592.8,594.0,592.0,593.33,3000.016,BNBUSDT
2025-04-13 08:00:00,593.34,593.88,592.4,593.75,2563.825,BNBUSDT
2025-04-13 09:00:00,593.75,594.38,592.62,594.36,3903.387,BNBUSDT
2025-04-13 10:00:00,594.37,594.67,590.4,591.12,4580.617,BNBUSDT
2025-04-13 11:00:00,591.13,591.13,587.39,588.4,7584.038,BNBUSDT
2025-04-13 12:00:00,588.39,588.57,587.0,587.36,4298.977,BNBUSDT
2025-04-13 13:00:00,587.36,590.0,583.33,584.2,18751.814,BNBUSDT
2025-04-13 14:00:00,584.2,585.8,583.52,585.28,10652.99,BNBUSDT
2025-04-13 15:00:00,585.28,585.3,583.73,584.22,6637.452,BNBUSDT
2025-04-13 16:00:00,584.23,586.16,584.2,585.19,6702.721,BNBUSDT
2025-04-13 17:00:00,585.19,588.84,584.71,588.53,8400.497,BNBUSDT
2025-04-13 18:00:00,588.52,589.27,585.96,586.44,5790.609,BNBUSDT
2025-04-13 19:00:00,586.44,586.5,580.32,582.76,11325.243,BNBUSDT
2025-04-13 20:00:00,582.76,585.2,581.49,582.29,7052.193,BNBUSDT
2025-04-13 21:00:00,582.29,584.15,580.72,583.32,5345.959,BNBUSDT
2025-04-13 22:00:00,583.32,584.44,582.33,582.52,3244.769,BNBUSDT
2025-04-13 23:00:00,582.52,584.58,582.2,584.28,3799.897,BNBUSDT
2025-04-14 00:00:00,584.29,587.42,583.8,585.99,8337.503,BNBUSDT
2025-04-14 01:00:00,586.0,587.25,585.65,586.2,5591.494,BNBUSDT
2025-04-14 02:00:00,586.2,590.86,586.19,589.61,11121.733,BNBUSDT
2025-04-14 03:00:00,589.61,592.0,587.78,588.2,12638.716,BNBUSDT
2025-04-14 04:00:00,588.2,590.39,587.96,590.0,4275.287,BNBUSDT
2025-04-14 05:00:00,590.01,590.4,587.05,587.77,4563.683,BNBUSDT
2025-04-14 06:00:00,587.76,589.52,587.16,589.1,9856.148,BNBUSDT
2025-04-14 07:00:00,589.1,590.87,587.53,590.76,6434.395,BNBUSDT
2025-04-14 08:00:00,590.76,591.5,589.74,590.73,5751.957,BNBUSDT
2025-04-14 09:00:00,590.72,591.72,588.48,589.09,5267.728,BNBUSDT
2025-04-14 10:00:00,589.1,592.39,589.0,592.18,6678.989,BNBUSDT
2025-04-14 11:00:00,592.18,592.9,591.0,592.6,4079.399,BNBUSDT
2025-04-14 12:00:00,592.6,593.1,590.82,592.49,5797.467,BNBUSDT
2025-04-14 13:00:00,592.49,592.76,588.01,588.9,8417.198,BNBUSDT
2025-04-14 14:00:00,588.9,593.07,588.41,591.65,5627.085,BNBUSDT
2025-04-14 15:00:00,591.65,591.96,585.45,585.66,13921.676,BNBUSDT
2025-04-14 16:00:00,585.66,586.6,583.15,583.15,10176.603,BNBUSDT
2025-04-14 17:00:00,583.15,585.94,583.14,585.71,4793.729,BNBUSDT
2025-04-14 18:00:00,585.71,587.36,585.1,587.33,4005.286,BNBUSDT
2025-04-14 19:00:00,587.34,587.88,586.65,587.25,3522.302,BNBUSDT
2025-04-14 20:00:00,587.25,587.41,585.63,586.82,3152.135,BNBUSDT
2025-04-14 21:00:00,586.82,587.06,584.9,586.29,3340.703,BNBUSDT
2025-04-14 22:00:00,586.29,586.51,585.22,585.63,2850.716,BNBUSDT
2025-04-14 23:00:00,585.62,585.9,584.13,584.54,3625.863,BNBUSDT
2025-04-15 00:00:00,584.53,585.33,582.7,584.61,6506.427,BNBUSDT
2025-04-15 01:00:00,584.61,586.25,582.74,586.06,7526.823,BNBUSDT
2025-04-15 02:00:00,586.05,586.66,583.88,585.77,4693.68,BNBUSDT
2025-04-15 03:00:00,585.77,587.61,585.45,587.61,5353.036,BNBUSDT
2025-04-15 04:00:00,587.6,589.59,586.11,588.68,9195.298,BNBUSDT
2025-04-15 05:00:00,588.67,589.95,588.3,589.2,6740.376,BNBUSDT
2025-04-15 06:00:00,589.19,589.4,588.0,588.22,3962.308,BNBUSDT
2025-04-15 07:00:00,588.22,590.17,588.05,589.57,4533.984,BNBUSDT
2025-04-15 08:00:00,589.58,589.68,588.31,588.65,5074.826,BNBUSDT
2025-04-15 09:00:00,588.65,590.67,588.41,590.42,9346.263,BNBUSDT
2025-04-15 10:00:00,590.43,590.84,587.33,588.11,6288.618,BNBUSDT
2025-04-15 11:00:00,588.11,589.17,587.52,588.59,5177.646,BNBUSDT
2025-04-15 12:00:00,588.59,589.48,586.9,588.16,4273.397,BNBUSDT
2025-04-15 13:00:00,588.16,590.28,586.2,587.07,11143.504,BNBUSDT
2025-04-15 14:00:00,587.08,587.93,584.07,585.4,12614.282,BNBUSDT
2025-04-15 15:00:00,585.4,586.67,584.0,584.53,5588.795,BNBUSDT
2025-04-15 16:00:00,584.54,585.48,584.01,584.2,4371.068,BNBUSDT
2025-04-15 17:00:00,584.21,585.39,583.0,583.55,4573.007,BNBUSDT
2025-04-15 18:00:00,583.55,584.6,582.07,583.66,3496.003,BNBUSDT
2025-04-15 19:00:00,583.66,583.88,582.4,583.66,3796.805,BNBUSDT
2025-04-15 20:00:00,583.65,583.66,581.0,581.98,3552.199,BNBUSDT
2025-04-15 21:00:00,581.97,583.75,581.71,583.25,2779.322,BNBUSDT
2025-04-15 22:00:00,583.25,583.25,580.33,581.27,4243.96,BNBUSDT
2025-04-15 23:00:00,581.28,581.67,579.38,579.52,6808.952,BNBUSDT
2025-04-16 00:00:00,579.52,580.3,576.0,577.17,9511.459,BNBUSDT
2025-04-16 01:00:00,577.16,582.58,576.82,582.09,10136.897,BNBUSDT
2025-04-16 02:00:00,582.09,583.41,581.42,583.02,6520.652,BNBUSDT
2025-04-16 03:00:00,583.01,584.0,582.7,583.3,5685.968,BNBUSDT
2025-04-16 04:00:00,583.3,584.3,581.0,583.07,8141.955,BNBUSDT
2025-04-16 05:00:00,583.07,583.9,579.93,580.84,8131.728,BNBUSDT
2025-04-16 06:00:00,580.84,581.68,579.67,580.23,6596.918,BNBUSDT
2025-04-16 07:00:00,580.24,580.9,577.69,578.25,5180.093,BNBUSDT
2025-04-16 08:00:00,578.24,581.15,576.72,579.8,9284.2,BNBUSDT
2025-04-16 09:00:00,579.79,580.26,577.26,577.26,4603.373,BNBUSDT
2025-04-16 10:00:00,577.26,579.9,577.24,579.33,4256.829,BNBUSDT
2025-04-16 11:00:00,579.33,583.0,577.74,582.09,15283.122,BNBUSDT
2025-04-16 12:00:00,582.09,583.3,581.25,581.42,5104.917,BNBUSDT
2025-04-16 13:00:00,581.42,582.36,579.0,579.0,5533.832,BNBUSDT
2025-04-16 14:00:00,579.0,584.19,578.9,583.04,9935.073,BNBUSDT
2025-04-16 15:00:00,583.04,585.4,582.65,583.44,9076.684,BNBUSDT
2025-04-16 16:00:00,583.44,584.55,581.6,583.85,4350.061,BNBUSDT
2025-04-16 17:00:00,583.86,587.0,576.6,576.71,13587.229,BNBUSDT
2025-04-16 18:00:00,576.71,583.52,576.5,582.49,11652.201,BNBUSDT
2025-04-16 19:00:00,582.5,585.46,581.15,584.8,7589.752,BNBUSDT
2025-04-16 20:00:00,584.79,585.5,583.6,583.88,4276.507,BNBUSDT
2025-04-16 21:00:00,583.88,585.64,583.5,584.89,4792.892,BNBUSDT
2025-04-16 22:00:00,584.89,585.57,584.19,585.1,2640.787,BNBUSDT
2025-04-16 23:00:00,585.11,585.11,582.6,582.8,2664.819,BNBUSDT
2025-04-17 00:00:00,582.8,584.0,582.44,583.69,3498.833,BNBUSDT
2025-04-17 01:00:00,583.7,584.78,583.1,584.2,3072.686,BNBUSDT
2025-04-17 02:00:00,584.19,584.19,582.1,583.12,3695.684,BNBUSDT
2025-04-17 03:00:00,583.13,583.24,581.0,582.07,4164.806,BNBUSDT
2025-04-17 04:00:00,582.07,582.98,581.65,582.73,2587.083,BNBUSDT
2025-04-17 05:00:00,582.73,583.09,581.83,582.49,4141.952,BNBUSDT
2025-04-17 06:00:00,582.49,583.8,581.83,583.4,4992.87,BNBUSDT
2025-04-17 07:00:00,583.41,584.77,582.5,583.44,3160.327,BNBUSDT
2025-04-17 08:00:00,583.45,583.53,582.4,582.52,4201.848,BNBUSDT
2025-04-17 09:00:00,582.51,586.69,581.86,586.14,21738.003,BNBUSDT
2025-04-17 10:00:00,586.15,586.69,584.4,585.75,7945.921,BNBUSDT
2025-04-17 11:00:00,585.76,586.86,585.4,586.2,6470.55,BNBUSDT
2025-04-17 12:00:00,586.19,588.0,585.24,587.99,6912.403,BNBUSDT
2025-04-17 13:00:00,588.0,588.4,586.71,587.41,6665.332,BNBUSDT
2025-04-17 14:00:00,587.4,587.63,584.09,586.41,12660.917,BNBUSDT
2025-04-17 15:00:00,586.42,590.32,586.41,589.75,10945.264,BNBUSDT
2025-04-17 16:00:00,589.74,592.82,589.74,592.14,10167.713,BNBUSDT
2025-04-17 17:00:00,592.14,592.8,591.5,592.06,4287.028,BNBUSDT
2025-04-17 18:00:00,592.06,592.97,591.19,591.19,3923.669,BNBUSDT
2025-04-17 19:00:00,591.19,592.16,588.69,590.8,5549.968,BNBUSDT
2025-04-17 20:00:00,590.79,592.67,590.64,591.03,6138.434,BNBUSDT
2025-04-17 21:00:00,591.03,592.21,591.0,591.51,4178.35,BNBUSDT
2025-04-17 22:00:00,591.5,592.57,589.4,589.53,7553.075,BNBUSDT
2025-04-17 23:00:00,589.54,590.8,589.24,590.49,3195.543,BNBUSDT
2025-04-18 00:00:00,590.5,590.6,588.6,588.93,4264.269,BNBUSDT
2025-04-18 01:00:00,588.94,590.6,588.62,589.02,3632.791,BNBUSDT
2025-04-18 02:00:00,589.03,589.79,587.96,589.79,4591.537,BNBUSDT
2025-04-18 03:00:00,589.79,590.88,589.01,590.5,6898.254,BNBUSDT
2025-04-18 04:00:00,590.51,590.53,588.7,589.61,4895.468,BNBUSDT
2025-04-18 05:00:00,589.61,589.61,587.65,588.84,6429.983,BNBUSDT
2025-04-18 06:00:00,588.83,589.2,587.4,589.16,5206.393,BNBUSDT
2025-04-18 07:00:00,589.17,589.3,587.08,588.63,10648.27,BNBUSDT
2025-04-18 08:00:00,588.63,592.01,587.71,589.45,25241.578,BNBUSDT
2025-04-18 09:00:00,589.45,590.44,588.14,589.6,12793.544,BNBUSDT
2025-04-18 10:00:00,589.59,590.55,589.31,589.79,11074.287,BNBUSDT
2025-04-18 11:00:00,589.8,591.91,588.51,591.86,20307.695,BNBUSDT
2025-04-18 12:00:00,591.86,592.64,590.86,591.87,7533.376,BNBUSDT
2025-04-18 13:00:00,591.86,592.29,591.35,591.74,4913.084,BNBUSDT
2025-04-18 14:00:00,591.73,593.01,591.42,593.01,8124.759,BNBUSDT
2025-04-18 15:00:00,593.01,594.38,593.0,593.73,9108.558,BNBUSDT
2025-04-18 16:00:00,593.72,595.8,593.72,595.35,10695.408,BNBUSDT
2025-04-18 17:00:00,595.36,596.05,594.17,595.72,8733.99,BNBUSDT
2025-04-18 18:00:00,595.72,596.08,595.03,595.03,5885.033,BNBUSDT
2025-04-18 19:00:00,595.03,595.23,591.93,592.49,6821.91,BNBUSDT
2025-04-18 20:00:00,592.49,593.85,592.19,592.92,4603.522,BNBUSDT
2025-04-18 21:00:00,592.91,594.64,592.91,594.39,2198.837,BNBUSDT
2025-04-18 22:00:00,594.4,594.5,593.66,593.67,2701.563,BNBUSDT
2025-04-18 23:00:00,593.66,593.66,591.61,591.71,4271.639,BNBUSDT
2025-04-19 00:00:00,591.7,592.4,591.31,591.86,2043.081,BNBUSDT
2025-04-19 01:00:00,591.86,592.85,591.77,592.46,2353.777,BNBUSDT
2025-04-19 02:00:00,592.45,592.9,591.8,592.65,2705.913,BNBUSDT
2025-04-19 03:00:00,592.65,593.39,591.33,593.35,4739.12,BNBUSDT
2025-04-19 04:00:00,593.34,594.49,592.15,593.29,4078.548,BNBUSDT
2025-04-19 05:00:00,593.29,593.63,592.62,593.1,2520.349,BNBUSDT
2025-04-19 06:00:00,593.11,593.26,592.1,592.7,3054.146,BNBUSDT
2025-04-19 07:00:00,592.71,593.68,591.98,593.13,4632.932,BNBUSDT
2025-04-19 08:00:00,593.12,593.54,591.54,593.27,3638.668,BNBUSDT
2025-04-19 09:00:00,593.27,593.27,591.61,591.7,4672.644,BNBUSDT
2025-04-19 10:00:00,591.7,591.71,589.8,590.46,4489.0,BNBUSDT
2025-04-19 11:00:00,590.45,591.25,589.88,591.04,3974.67,BNBUSDT
2025-04-19 12:00:00,591.04,591.39,588.21,588.44,9016.201,BNBUSDT
2025-04-19 13:00:00,588.45,589.73,588.13,589.5,4930.111,BNBUSDT
2025-04-19 14:00:00,589.49,589.62,588.42,589.33,5008.776,BNBUSDT
2025-04-19 15:00:00,589.34,590.97,588.97,589.41,4364.068,BNBUSDT
2025-04-19 16:00:00,589.4,590.76,587.7,588.22,8017.367,BNBUSDT
2025-04-19 17:00:00,588.21,590.89,588.21,590.2,4439.751,BNBUSDT
2025-04-19 18:00:00,590.2,591.0,589.95,590.66,3463.836,BNBUSDT
2025-04-19 19:00:00,590.66,591.38,590.52,591.03,2095.214,BNBUSDT
2025-04-19 20:00:00,591.02,591.4,590.66,591.09,2030.938,BNBUSDT
2025-04-19 21:00:00,591.1,591.9,591.09,591.64,4253.595,BNBUSDT
2025-04-19 22:00:00,591.64,593.63,591.63,592.93,3362.325,BNBUSDT
2025-04-19 23:00:00,592.94,593.2,591.69,591.73,2723.973,BNBUSDT
2025-04-20 00:00:00,591.74,593.73,591.73,592.99,3549.992,BNBUSDT
2025-04-20 01:00:00,592.99,593.73,592.21,592.58,4046.094,BNBUSDT
2025-04-20 02:00:00,592.57,593.1,592.0,592.21,3314.123,BNBUSDT
2025-04-20 03:00:00,592.2,593.26,592.15,592.6,3316.263,BNBUSDT
2025-04-20 04:00:00,592.59,594.76,592.59,594.5,5924.891,BNBUSDT
2025-04-20 05:00:00,594.5,594.84,593.52,594.49,7372.166,BNBUSDT
2025-04-20 06:00:00,594.49,595.0,593.05,593.3,6336.727,BNBUSDT
2025-04-20 07:00:00,593.31,594.01,591.85,593.98,9160.207,BNBUSDT
2025-04-20 08:00:00,593.98,595.23,593.2,593.59,6896.455,BNBUSDT
2025-04-20 09:00:00,593.59,594.5,592.18,592.48,7935.975,BNBUSDT
2025-04-20 10:00:00,592.48,593.0,589.69,590.23,10834.875,BNBUSDT
2025-04-20 11:00:00,590.23,591.34,589.3,590.02,6590.943,BNBUSDT
2025-04-20 12:00:00,590.01,592.36,589.49,591.34,4340.427,BNBUSDT
2025-04-20 13:00:00,591.34,591.39,589.76,589.83,4177.449,BNBUSDT
2025-04-20 14:00:00,589.82,590.64,589.3,590.17,4941.215,BNBUSDT
2025-04-20 15:00:00,590.17,590.17,587.82,588.2,4314.3,BNBUSDT
2025-04-20 16:00:00,588.2,589.57,587.5,589.56,3095.528,BNBUSDT
2025-04-20 17:00:00,589.55,589.65,587.86,589.4,3243.164,BNBUSDT
2025-04-20 18:00:00,589.39,589.45,588.13,588.99,2385.947,BNBUSDT
2025-04-20 19:00:00,588.99,590.0,588.6,589.95,1851.114,BNBUSDT
2025-04-20 20:00:00,589.95,591.53,589.6,590.49,3663.365,BNBUSDT
2025-04-20 21:00:00,590.5,591.6,590.15,591.28,2026.676,BNBUSDT
2025-04-20 22:00:00,591.28,591.29,589.49,589.96,2152.39,BNBUSDT
2025-04-20 23:00:00,589.95,593.32,589.95,592.77,3873.312,BNBUSDT
2025-04-21 00:00:00,592.77,598.6,592.53,597.71,16089.793,BNBUSDT
2025-04-21 01:00:00,597.71,601.5,597.71,600.25,12215.638,BNBUSDT
2025-04-21 02:00:00,600.25,602.09,598.75,599.87,7613.351,BNBUSDT
2025-04-21 03:00:00,599.87,604.06,599.28,602.25,17185.269,BNBUSDT
2025-04-21 04:00:00,602.26,604.67,602.25,603.17,6449.917,BNBUSDT
2025-04-21 05:00:00,603.17,607.0,603.1,606.32,7480.878,BNBUSDT
2025-04-21 06:00:00,606.32,608.52,604.77,605.22,7036.508,BNBUSDT
2025-04-21 07:00:00,605.23,605.79,603.73,604.46,4590.175,BNBUSDT
2025-04-21 08:00:00,604.46,606.38,604.45,605.15,6658.3,BNBUSDT
2025-04-21 09:00:00,605.16,605.61,603.53,604.3,4778.008,BNBUSDT
2025-04-21 10:00:00,604.3,604.47,602.82,603.31,4139.5,BNBUSDT
2025-04-21 11:00:00,603.31,603.39,600.22,600.78,5691.06,BNBUSDT
2025-04-21 12:00:00,600.79,603.42,600.55,601.29,8822.388,BNBUSDT
2025-04-21 13:00:00,601.28,603.9,600.4,601.0,5907.196,BNBUSDT
2025-04-21 14:00:00,601.0,605.6,600.55,604.46,8696.369,BNBUSDT
2025-04-21 15:00:00,604.45,605.27,603.0,604.03,6585.472,BNBUSDT
2025-04-21 16:00:00,604.03,604.6,598.23,598.84,7116.415,BNBUSDT
2025-04-21 17:00:00,598.84,598.91,595.0,596.25,11363.89,BNBUSDT
2025-04-21 18:00:00,596.25,597.88,594.5,597.33,6692.694,BNBUSDT
2025-04-21 19:00:00,597.32,598.47,596.5,598.04,4435.502,BNBUSDT
2025-04-21 20:00:00,598.02,598.02,595.24,596.5,3540.688,BNBUSDT
2025-04-21 21:00:00,596.5,597.25,595.36,597.05,4235.163,BNBUSDT
2025-04-21 22:00:00,597.06,597.09,595.44,596.91,2386.991,BNBUSDT
2025-04-21 23:00:00,596.91,597.67,596.04,597.34,2215.257,BNBUSDT
2025-04-22 00:00:00,597.32,599.43,595.0,599.43,6700.345,BNBUSDT
2025-04-22 01:00:00,599.43,602.6,598.72,602.01,12781.956,BNBUSDT
2025-04-22 02:00:00,602.02,602.94,598.68,599.22,4621.292,BNBUSDT
2025-04-22 03:00:00,599.21,600.0,597.77,599.98,4120.445,BNBUSDT
2025-04-22 04:00:00,599.98,600.88,599.24,599.25,3989.028,BNBUSDT
2025-04-22 05:00:00,599.24,601.06,599.24,600.39,4696.202,BNBUSDT
2025-04-22 06:00:00,600.39,602.99,599.91,601.88,7727.408,BNBUSDT
2025-04-22 07:00:00,601.88,605.15,600.84,604.31,16370.039,BNBUSDT
2025-04-22 08:00:00,604.32,607.0,604.32,605.31,16167.993,BNBUSDT
2025-04-22 09:00:00,605.31,606.85,604.62,605.28,9817.376,BNBUSDT
2025-04-22 10:00:00,605.29,607.31,604.88,606.32,14174.182,BNBUSDT
2025-04-22 11:00:00,606.33,606.7,604.7,605.88,20596.02,BNBUSDT
2025-04-22 12:00:00,605.88,607.39,605.2,606.73,8066.268,BNBUSDT
2025-04-22 13:00:00,606.74,609.19,606.0,607.0,26897.884,BNBUSDT
2025-04-22 14:00:00,607.01,611.0,605.33,610.44,29170.032,BNBUSDT
2025-04-22 15:00:00,610.43,612.21,607.87,609.79,33543.381,BNBUSDT
2025-04-22 16:00:00,609.78,610.99,607.49,607.66,7375.417,BNBUSDT
2025-04-22 17:00:00,607.66,608.31,606.51,608.1,5681.122,BNBUSDT
2025-04-22 18:00:00,608.1,609.33,607.71,608.63,4845.364,BNBUSDT
2025-04-22 19:00:00,608.63,608.98,606.66,608.15,3591.343,BNBUSDT
2025-04-22 20:00:00,608.14,608.71,607.32,607.53,3708.162,BNBUSDT
2025-04-22 21:00:00,607.53,614.99,606.96,612.83,11024.034,BNBUSDT
2025-04-22 22:00:00,612.84,613.85,610.19,613.68,10003.198,BNBUSDT
2025-04-22 23:00:00,613.69,619.9,613.0,618.51,19799.673,BNBUSDT
2025-04-23 00:00:00,618.5,619.92,615.0,616.0,12729.738,BNBUSDT
2025-04-23 01:00:00,616.0,618.97,612.21,612.64,17195.032,BNBUSDT
2025-04-23 02:00:00,612.64,616.0,612.37,615.09,12745.505,BNBUSDT
2025-04-23 03:00:00,615.1,615.6,611.95,615.32,11600.48,BNBUSDT
2025-04-23 04:00:00,615.32,618.75,613.03,618.75,12261.057,BNBUSDT
2025-04-23 05:00:00,618.75,619.72,616.45,616.54,11225.743,BNBUSDT
2025-04-23 06:00:00,616.53,619.99,616.44,617.31,11657.177,BNBUSDT
2025-04-23 07:00:00,617.31,618.61,616.07,617.69,9429.749,BNBUSDT
2025-04-23 08:00:00,617.68,617.69,613.32,615.09,13641.623,BNBUSDT
2025-04-23 09:00:00,615.09,616.32,610.99,611.9,14175.696,BNBUSDT
2025-04-23 10:00:00,611.91,611.97,608.96,611.77,15977.095,BNBUSDT
2025-04-23 11:00:00,611.77,613.12,610.05,611.19,7294.198,BNBUSDT
2025-04-23 12:00:00,611.18,613.36,610.31,611.49,9134.001,BNBUSDT
2025-04-23 13:00:00,611.5,614.2,606.63,607.82,34628.757,BNBUSDT
2025-04-23 14:00:00,607.83,610.97,607.04,607.43,13176.785,BNBUSDT
2025-04-23 15:00:00,607.43,608.07,602.65,606.62,41228.884,BNBUSDT
2025-04-23 16:00:00,606.62,607.49,603.0,607.35,13083.418,BNBUSDT
2025-04-23 17:00:00,607.34,608.37,605.51,607.35,13409.785,BNBUSDT
2025-04-23 18:00:00,607.35,608.66,606.21,606.24,6593.113,BNBUSDT
2025-04-23 19:00:00,606.25,606.35,602.21,602.5,9212.732,BNBUSDT
2025-04-23 20:00:00,602.49,604.54,601.38,603.71,5104.922,BNBUSDT
2025-04-23 21:00:00,603.71,607.18,602.43,606.2,9473.435,BNBUSDT
2025-04-23 22:00:00,606.2,607.03,604.98,606.93,5557.451,BNBUSDT
2025-04-23 23:00:00,606.92,607.28,605.4,605.71,3589.072,BNBUSDT
2025-04-24 00:00:00,605.72,605.9,602.21,603.26,6758.816,BNBUSDT
2025-04-24 01:00:00,603.26,605.16,601.8,604.99,6031.069,BNBUSDT
2025-04-24 02:00:00,604.98,606.78,603.76,603.85,5973.565,BNBUSDT
2025-04-24 03:00:00,603.86,606.78,603.67,604.06,8681.441,BNBUSDT
2025-04-24 04:00:00,604.06,606.0,601.69,603.65,12955.751,BNBUSDT
2025-04-24 05:00:00,603.64,605.2,602.0,602.93,5917.267,BNBUSDT
2025-04-24 06:00:00,602.94,605.69,602.94,604.23,4921.474,BNBUSDT
2025-04-24 07:00:00,604.24,606.58,602.42,602.88,6469.957,BNBUSDT
2025-04-24 08:00:00,602.88,604.82,592.59,594.71,24904.604,BNBUSDT
2025-04-24 09:00:00,594.71,597.39,594.13,597.21,7780.065,BNBUSDT
2025-04-24 10:00:00,597.2,598.35,595.59,597.93,7086.16,BNBUSDT
2025-04-24 11:00:00,597.92,598.59,596.26,597.69,8714.278,BNBUSDT
2025-04-24 12:00:00,597.69,598.16,596.3,597.9,8619.86,BNBUSDT
2025-04-24 13:00:00,597.91,599.55,595.84,597.09,14361.553,BNBUSDT
2025-04-24 14:00:00,597.09,600.27,596.48,598.26,14462.093,BNBUSDT
2025-04-24 15:00:00,598.26,600.91,597.6,598.46,14805.254,BNBUSDT
2025-04-24 16:00:00,598.47,600.87,597.72,599.9,9826.488,BNBUSDT
2025-04-24 17:00:00,599.91,600.1,595.48,596.41,7537.208,BNBUSDT
2025-04-24 18:00:00,596.41,599.55,596.24,597.89,5652.798,BNBUSDT
2025-04-24 19:00:00,597.89,599.51,597.0,598.94,3204.623,BNBUSDT
2025-04-24 20:00:00,598.95,600.19,598.35,599.7,4925.449,BNBUSDT
2025-04-24 21:00:00,599.71,600.32,598.0,600.21,5654.129,BNBUSDT
2025-04-24 22:00:00,600.22,600.98,599.32,599.58,3613.801,BNBUSDT
2025-04-24 23:00:00,599.58,602.57,598.96,601.55,5356.577,BNBUSDT
2025-04-25 00:00:00,601.56,602.36,599.41,601.44,6641.627,BNBUSDT
2025-04-25 01:00:00,601.45,604.17,601.4,601.73,6442.504,BNBUSDT
2025-04-25 02:00:00,601.74,602.79,597.2,598.34,7780.401,BNBUSDT
2025-04-25 03:00:00,598.33,601.12,598.11,600.78,5012.939,BNBUSDT
2025-04-25 04:00:00,600.78,604.8,600.77,603.81,11898.408,BNBUSDT
2025-04-25 05:00:00,603.81,605.88,603.64,605.59,9933.208,BNBUSDT
2025-04-25 06:00:00,605.6,609.23,604.74,608.7,14317.551,BNBUSDT
2025-04-25 07:00:00,608.71,609.85,606.21,606.43,17640.621,BNBUSDT
2025-04-25 08:00:00,606.42,610.2,606.42,610.05,18357.821,BNBUSDT
2025-04-25 09:00:00,610.05,610.35,607.75,609.82,13066.434,BNBUSDT
2025-04-25 10:00:00,609.81,610.2,604.72,605.31,26706.399,BNBUSDT
2025-04-25 11:00:00,605.31,606.84,603.92,605.89,12648.366,BNBUSDT
2025-04-25 12:00:00,605.88,608.27,603.8,603.92,12821.727,BNBUSDT
2025-04-25 13:00:00,603.92,605.12,601.6,602.56,13130.854,BNBUSDT
2025-04-25 14:00:00,602.56,608.15,602.42,607.04,15408.613,BNBUSDT
2025-04-25 15:00:00,607.05,608.61,604.8,605.53,15269.996,BNBUSDT
2025-04-25 16:00:00,605.53,606.0,602.72,605.72,7074.978,BNBUSDT
2025-04-25 17:00:00,605.71,606.72,602.39,602.49,7355.357,BNBUSDT
2025-04-25 18:00:00,602.48,604.36,602.29,603.26,3077.398,BNBUSDT
2025-04-25 19:00:00,603.26,604.68,602.73,604.6,6354.936,BNBUSDT
2025-04-25 20:00:00,604.6,604.6,602.63,603.0,6878.441,BNBUSDT
2025-04-25 21:00:00,603.0,603.07,599.56,599.87,6712.904,BNBUSDT
2025-04-25 22:00:00,599.87,601.0,599.12,600.91,5501.449,BNBUSDT
2025-04-25 23:00:00,600.9,600.93,598.01,599.91,7393.622,BNBUSDT
2025-04-26 00:00:00,599.9,602.55,599.34,601.28,6369.843,BNBUSDT
2025-04-26 01:00:00,601.28,604.9,599.6,604.83,8281.652,BNBUSDT
2025-04-26 02:00:00,604.83,606.9,602.69,603.26,12793.68,BNBUSDT
2025-04-26 03:00:00,603.27,603.79,601.56,602.2,4876.422,BNBUSDT
2025-04-26 04:00:00,602.2,602.35,600.39,600.51,4194.522,BNBUSDT
2025-04-26 05:00:00,600.5,602.19,600.1,602.15,4202.565,BNBUSDT
2025-04-26 06:00:00,602.14,604.27,601.3,603.78,3359.827,BNBUSDT
2025-04-26 07:00:00,603.78,605.12,602.31,602.32,4509.805,BNBUSDT
2025-04-26 08:00:00,602.33,604.89,601.15,601.72,7796.027,BNBUSDT
2025-04-26 09:00:00,601.72,603.4,600.74,602.3,5874.143,BNBUSDT
2025-04-26 10:00:00,602.3,605.39,602.2,604.21,9458.586,BNBUSDT
2025-04-26 11:00:00,604.2,606.17,601.4,602.22,9203.611,BNBUSDT
2025-04-26 12:00:00,602.23,605.29,602.22,603.93,5323.529,BNBUSDT
2025-04-26 13:00:00,603.93,605.75,601.6,603.07,5815.958,BNBUSDT
2025-04-26 14:00:00,603.08,605.4,602.78,604.99,4464.554,BNBUSDT
2025-04-26 15:00:00,604.99,608.96,604.99,607.95,10378.318,BNBUSDT
2025-04-26 16:00:00,607.96,609.25,606.96,607.89,5974.235,BNBUSDT
2025-04-26 17:00:00,607.89,608.33,606.87,607.45,3921.847,BNBUSDT
2025-04-26 18:00:00,607.45,608.46,607.15,607.2,3777.107,BNBUSDT
2025-04-26 19:00:00,607.21,608.31,606.72,608.12,3361.179,BNBUSDT
2025-04-26 20:00:00,608.12,608.73,606.37,606.38,3976.365,BNBUSDT
2025-04-26 21:00:00,606.38,608.46,606.37,608.01,2317.26,BNBUSDT
2025-04-26 22:00:00,608.01,609.0,607.41,607.69,3775.505,BNBUSDT
2025-04-26 23:00:00,607.7,607.7,606.54,607.23,3526.602,BNBUSDT
2025-04-27 00:00:00,607.23,608.68,606.54,606.54,5449.0,BNBUSDT
2025-04-27 01:00:00,606.54,606.6,600.3,600.59,12377.168,BNBUSDT
2025-04-27 02:00:00,600.6,602.59,600.0,602.4,6677.83,BNBUSDT
2025-04-27 03:00:00,602.41,602.94,600.66,602.77,5092.549,BNBUSDT
2025-04-27 04:00:00,602.76,602.76,600.2,600.32,3540.02,BNBUSDT
2025-04-27 05:00:00,600.32,600.6,597.0,598.99,9243.709,BNBUSDT
2025-04-27 06:00:00,599.0,600.65,598.74,599.67,4266.901,BNBUSDT
2025-04-27 07:00:00,599.68,600.28,598.67,599.96,4762.959,BNBUSDT
2025-04-27 08:00:00,599.97,600.68,598.8,600.2,4377.1,BNBUSDT
2025-04-27 09:00:00,600.21,601.22,599.27,600.42,3478.799,BNBUSDT
2025-04-27 10:00:00,600.42,601.1,600.14,600.95,4866.828,BNBUSDT
2025-04-27 11:00:00,600.95,601.19,600.33,600.53,2840.616,BNBUSDT
2025-04-27 12:00:00,600.53,600.89,597.85,598.56,7014.853,BNBUSDT
2025-04-27 13:00:00,598.55,600.65,597.18,600.17,5797.936,BNBUSDT
2025-04-27 14:00:00,600.18,601.4,599.83,600.2,3215.75,BNBUSDT
2025-04-27 15:00:00,600.2,600.6,598.33,599.6,3411.34,BNBUSDT
2025-04-27 16:00:00,599.59,600.39,597.59,598.82,3243.02,BNBUSDT
2025-04-27 17:00:00,598.81,601.63,598.47,601.4,4771.939,BNBUSDT
2025-04-27 18:00:00,601.4,604.21,601.4,602.85,5184.176,BNBUSDT
2025-04-27 19:00:00,602.85,606.2,602.84,605.45,6632.08,BNBUSDT
2025-04-27 20:00:00,605.46,606.4,603.5,604.45,3508.364,BNBUSDT
2025-04-27 21:00:00,604.45,606.91,603.95,606.59,4203.748,BNBUSDT
2025-04-27 22:00:00,606.59,607.06,602.89,604.07,4021.522,BNBUSDT
2025-04-27 23:00:00,604.08,604.46,602.74,603.46,3806.269,BNBUSDT
2025-04-28 00:00:00,603.46,605.8,601.66,603.6,9376.643,BNBUSDT
2025-04-28 01:00:00,603.6,603.91,598.2,599.04,8927.306,BNBUSDT
2025-04-28 02:00:00,599.04,602.26,598.3,602.18,4136.029,BNBUSDT
2025-04-28 03:00:00,602.18,604.12,600.26,603.83,3893.943,BNBUSDT
2025-04-28 04:00:00,603.82,604.8,603.3,604.12,3416.006,BNBUSDT
2025-04-28 05:00:00,604.11,604.99,603.52,604.38,3935.699,BNBUSDT
2025-04-28 06:00:00,604.38,607.0,604.38,606.28,5394.952,BNBUSDT
2025-04-28 07:00:00,606.28,606.9,605.16,605.27,5982.005,BNBUSDT
2025-04-28 08:00:00,605.28,606.62,605.17,606.31,5674.184,BNBUSDT
2025-04-28 09:00:00,606.31,607.56,605.42,606.24,6345.746,BNBUSDT
2025-04-28 10:00:00,606.24,607.15,602.92,606.0,10804.291,BNBUSDT
2025-04-28 11:00:00,605.99,608.27,605.74,607.49,9624.534,BNBUSDT
2025-04-28 12:00:00,607.5,607.86,605.91,606.91,6082.093,BNBUSDT
2025-04-28 13:00:00,606.91,607.23,601.74,601.91,8174.875,BNBUSDT
2025-04-28 14:00:00,601.91,604.64,601.25,601.88,6747.522,BNBUSDT
2025-04-28 15:00:00,601.88,602.56,598.81,600.91,8997.094,BNBUSDT
2025-04-28 16:00:00,600.91,601.75,598.66,600.64,6932.38,BNBUSDT
2025-04-28 17:00:00,600.64,602.68,600.11,602.32,4096.074,BNBUSDT
2025-04-28 18:00:00,602.31,603.17,600.95,603.01,3192.455,BNBUSDT
2025-04-28 19:00:00,603.0,605.5,602.85,604.86,8988.08,BNBUSDT
2025-04-28 20:00:00,604.86,605.1,603.37,603.38,3366.988,BNBUSDT
2025-04-28 21:00:00,603.39,605.14,603.21,605.12,3192.861,BNBUSDT
2025-04-28 22:00:00,605.13,606.0,604.83,605.34,3239.795,BNBUSDT
2025-04-28 23:00:00,605.33,606.54,605.2,606.16,3256.453,BNBUSDT
2025-04-29 00:00:00,606.16,607.19,605.63,607.0,3860.345,BNBUSDT
2025-04-29 01:00:00,607.01,607.19,605.0,606.11,5597.737,BNBUSDT
2025-04-29 02:00:00,606.1,606.16,603.43,604.37,4198.222,BNBUSDT
2025-04-29 03:00:00,604.38,607.28,604.38,606.52,4042.039,BNBUSDT
2025-04-29 04:00:00,606.52,608.0,605.19,605.73,5746.082,BNBUSDT
2025-04-29 05:00:00,605.73,607.98,605.65,607.53,6763.355,BNBUSDT
2025-04-29 06:00:00,607.53,609.94,607.49,609.67,13690.134,BNBUSDT
2025-04-29 07:00:00,609.67,610.75,608.99,609.74,12987.035,BNBUSDT
2025-04-29 08:00:00,609.74,610.37,607.12,607.96,14983.922,BNBUSDT
2025-04-29 09:00:00,607.96,608.76,606.31,607.34,13599.647,BNBUSDT
2025-04-29 10:00:00,607.35,607.48,602.43,602.51,25169.638,BNBUSDT
2025-04-29 11:00:00,602.51,604.57,602.47,603.7,10838.268,BNBUSDT
2025-04-29 12:00:00,603.69,604.2,601.22,601.33,9784.963,BNBUSDT
2025-04-29 13:00:00,601.33,603.83,600.87,602.85,10557.599,BNBUSDT
2025-04-29 14:00:00,602.86,604.1,601.51,602.77,12325.467,BNBUSDT
2025-04-29 15:00:00,602.76,602.81,601.1,601.61,9383.012,BNBUSDT
2025-04-29 16:00:00,601.6,603.68,601.08,602.23,9434.398,BNBUSDT
2025-04-29 17:00:00,602.23,604.2,600.65,603.64,10903.16,BNBUSDT
2025-04-29 18:00:00,603.64,604.37,601.85,603.97,9107.066,BNBUSDT
2025-04-29 19:00:00,603.97,604.3,602.8,602.81,8956.855,BNBUSDT
2025-04-29 20:00:00,602.81,602.81,600.54,601.04,10298.622,BNBUSDT
2025-04-29 21:00:00,601.03,601.3,599.39,600.66,10762.036,BNBUSDT
2025-04-29 22:00:00,600.66,600.7,599.31,599.44,6686.09,BNBUSDT
2025-04-29 23:00:00,599.44,601.09,598.1,601.0,7134.305,BNBUSDT
2025-04-30 00:00:00,601.0,602.99,600.21,601.6,8255.458,BNBUSDT
2025-04-30 01:00:00,601.59,602.19,600.0,601.67,5398.702,BNBUSDT
2025-04-30 02:00:00,601.67,603.36,601.66,602.56,5856.957,BNBUSDT
2025-04-30 03:00:00,602.56,603.89,601.87,603.87,6962.879,BNBUSDT
2025-04-30 04:00:00,603.87,604.4,603.25,604.08,4900.164,BNBUSDT
2025-04-30 05:00:00,604.09,604.26,602.29,602.8,6123.175,BNBUSDT
2025-04-30 06:00:00,602.8,604.44,602.8,603.55,8387.412,BNBUSDT
2025-04-30 07:00:00,603.55,604.43,602.2,603.29,11440.42,BNBUSDT
2025-04-30 08:00:00,603.29,603.3,601.56,601.8,13800.317,BNBUSDT
2025-04-30 09:00:00,601.79,603.3,601.78,602.45,12473.786,BNBUSDT
2025-04-30 10:00:00,602.45,602.8,599.79,601.17,21454.277,BNBUSDT
2025-04-30 11:00:00,601.18,602.45,601.14,602.43,6173.636,BNBUSDT
2025-04-30 12:00:00,602.42,602.5,598.5,600.3,10781.703,BNBUSDT
2025-04-30 13:00:00,600.3,600.3,591.71,592.21,22375.267,BNBUSDT
2025-04-30 14:00:00,592.2,598.18,591.42,597.36,16033.879,BNBUSDT
2025-04-30 15:00:00,597.35,598.05,595.7,597.09,11008.965,BNBUSDT
2025-04-30 16:00:00,597.08,597.67,594.52,597.59,6040.665,BNBUSDT
2025-04-30 17:00:00,597.59,598.88,595.32,598.51,6322.384,BNBUSDT
2025-04-30 18:00:00,598.5,599.2,597.0,598.07,6190.224,BNBUSDT
2025-04-30 19:00:00,598.07,598.64,596.4,598.44,4099.848,BNBUSDT
2025-04-30 20:00:00,598.45,600.22,598.31,599.54,4586.023,BNBUSDT
2025-04-30 21:00:00,599.55,599.85,598.5,598.57,3297.227,BNBUSDT
2025-04-30 22:00:00,598.58,600.31,598.57,599.36,5637.351,BNBUSDT
2025-04-30 23:00:00,599.36,600.34,598.93,599.88,2979.945,BNBUSDT
2025-05-01 00:00:00,599.88,600.92,599.61,600.65,4261.831,BNBUSDT
2025-05-01 01:00:00,600.65,602.44,600.64,601.38,5608.996,BNBUSDT
2025-05-01 02:00:00,601.38,602.5,600.0,600.24,7779.954,BNBUSDT
2025-05-01 03:00:00,600.24,601.51,599.24,599.26,5811.504,BNBUSDT
2025-05-01 04:00:00,599.26,600.79,598.7,600.64,4716.181,BNBUSDT
2025-05-01 05:00:00,600.64,601.2,600.1,600.81,4677.867,BNBUSDT
2025-05-01 06:00:00,600.81,601.34,598.83,599.51,8690.789,BNBUSDT
2025-05-01 07:00:00,599.51,600.42,599.21,599.72,3947.442,BNBUSDT
2025-05-01 08:00:00,599.72,601.61,599.71,601.44,5380.683,BNBUSDT
2025-05-01 09:00:00,601.43,604.22,600.87,603.11,10353.965,BNBUSDT
2025-05-01 10:00:00,603.11,605.28,602.25,604.05,11961.844,BNBUSDT
2025-05-01 11:00:00,604.05,604.64,602.55,603.66,6013.63,BNBUSDT
2025-05-01 12:00:00,603.65,604.0,602.9,603.33,4874.003,BNBUSDT
2025-05-01 13:00:00,603.32,605.05,600.91,600.99,13050.607,BNBUSDT
2025-05-01 14:00:00,601.0,604.79,601.0,604.58,9429.115,BNBUSDT
2025-05-01 15:00:00,604.59,604.96,602.39,602.66,9579.224,BNBUSDT
2025-05-01 16:00:00,602.67,603.88,602.25,602.35,6158.732,BNBUSDT
2025-05-01 17:00:00,602.36,603.05,600.39,600.8,6794.434,BNBUSDT
2025-05-01 18:00:00,600.8,601.66,600.32,601.17,5261.96,BNBUSDT
2025-05-01 19:00:00,601.16,601.2,600.06,600.37,4476.038,BNBUSDT
2025-05-01 20:00:00,600.36,600.68,599.6,599.82,6038.128,BNBUSDT
2025-05-01 21:00:00,599.82,600.3,599.35,600.05,3477.818,BNBUSDT
2025-05-01 22:00:00,600.06,600.06,598.58,598.96,4197.247,BNBUSDT
2025-05-01 23:00:00,598.96,600.03,598.14,599.63,3687.237,BNBUSDT
2025-05-02 00:00:00,599.64,601.57,598.9,601.57,4913.999,BNBUSDT
2025-05-02 01:00:00,601.57,602.78,600.61,601.26,5758.668,BNBUSDT
2025-05-02 02:00:00,601.26,603.2,601.0,602.46,8446.821,BNBUSDT
2025-05-02 03:00:00,602.47,603.61,601.19,601.29,6821.455,BNBUSDT
2025-05-02 04:00:00,601.29,601.99,599.31,599.68,5951.541,BNBUSDT
2025-05-02 05:00:00,599.67,600.24,598.34,598.81,5826.802,BNBUSDT
2025-05-02 06:00:00,598.81,598.82,596.43,597.3,5569.116,BNBUSDT
2025-05-02 07:00:00,597.31,597.5,595.12,595.69,8585.473,BNBUSDT
2025-05-02 08:00:00,595.69,598.02,595.5,597.57,4190.191,BNBUSDT
2025-05-02 09:00:00,597.57,598.81,597.15,598.12,3389.269,BNBUSDT
2025-05-02 10:00:00,598.13,599.53,598.1,598.84,4683.979,BNBUSDT
2025-05-02 11:00:00,598.85,600.65,597.73,597.85,15759.319,BNBUSDT
2025-05-02 12:00:00,597.85,599.18,596.63,599.17,7034.305,BNBUSDT
2025-05-02 13:00:00,599.16,599.28,598.0,598.34,4761.384,BNBUSDT
2025-05-02 14:00:00,598.34,600.65,598.34,600.41,7028.363,BNBUSDT
2025-05-02 15:00:00,600.42,600.82,598.28,599.75,5764.765,BNBUSDT
2025-05-02 16:00:00,599.75,601.89,599.74,600.28,9035.773,BNBUSDT
2025-05-02 17:00:00,600.28,600.69,599.41,600.21,3350.782,BNBUSDT
2025-05-02 18:00:00,600.21,600.61,599.56,599.79,2118.292,BNBUSDT
2025-05-02 19:00:00,599.79,599.79,598.33,599.0,3500.922,BNBUSDT
2025-05-02 20:00:00,598.99,600.38,598.28,600.3,3052.215,BNBUSDT
2025-05-02 21:00:00,600.31,600.61,599.14,599.51,2743.856,BNBUSDT
2025-05-02 22:00:00,599.5,601.47,599.04,601.33,6894.15,BNBUSDT
2025-05-02 23:00:00,601.34,601.68,600.49,600.69,6163.425,BNBUSDT
2025-05-03 00:00:00,600.69,601.2,599.19,599.4,4611.802,BNBUSDT
2025-05-03 01:00:00,599.39,599.65,598.18,598.49,4418.646,BNBUSDT
2025-05-03 02:00:00,598.48,600.09,598.41,599.73,4672.133,BNBUSDT
2025-05-03 03:00:00,599.73,600.19,598.84,599.29,2793.241,BNBUSDT
2025-05-03 04:00:00,599.28,600.15,599.28,600.03,2227.768,BNBUSDT
2025-05-03 05:00:00,600.03,600.11,599.62,599.89,1788.163,BNBUSDT
2025-05-03 06:00:00,599.89,599.97,598.25,598.79,5086.403,BNBUSDT
2025-05-03 07:00:00,598.8,598.88,597.39,597.47,4517.912,BNBUSDT
2025-05-03 08:00:00,597.48,597.66,596.25,597.07,4407.306,BNBUSDT
2025-05-03 09:00:00,597.06,597.1,596.15,596.49,4038.508,BNBUSDT
2025-05-03 10:00:00,596.49,596.67,595.25,595.38,5608.443,BNBUSDT
2025-05-03 11:00:00,595.39,597.13,595.23,596.34,4150.359,BNBUSDT
2025-05-03 12:00:00,596.34,597.75,596.34,597.63,1760.727,BNBUSDT
